<?xml version="1.0" encoding="utf-8"?>
<manifest xmlns="http://www.we7.cc" versionCode="0.8,1.0">
	<application setting="false">
		<name><![CDATA[码上点餐外卖餐饮系统]]></name>
		<identifie><![CDATA[weisrc_dish]]></identifie>
		<version><![CDATA[6.4.2]]></version>
		<type><![CDATA[business]]></type>
		<ability><![CDATA[码上点餐]]></ability>
		<description><![CDATA[码上点餐]]></description>
		<author><![CDATA[淘宝大众乐科技]]></author>
		<url><![CDATA[https://www.we7.cc]]></url>
	</application>
	<platform>
		<subscribes>
		</subscribes>
		<handles>
			<message type="subscribe" />
			<message type="qr" />
			<message type="text" />
		</handles>
		<rule embed="false" />
		<card embed="false" />
	</platform>
	<bindings>
		<cover>
			<entry title="我邀请的好友入口" do="mymemberlist" state="" direct="false" />
			<entry title="我的订单入口" do="orderlist" state="" direct="false" />
			<entry title="用户中心入口" do="usercenter" state="" direct="false" />
			<entry title="门店列表入口" do="waprestList" state="" direct="false" />
			<entry title="首页入口" do="index" state="" direct="false" />
		</cover>
		<menu>
			<entry title="门店类型" do="type" state="" direct="false" />
			<entry title="广告管理" do="ad" state="" direct="false" />
			<entry title="订单管理" do="allorder" state="" direct="false" />
			<entry title="门店管理" do="stores" state="" direct="false" />
			<entry title="顾客管理" do="allfans" state="" direct="false" />
			<entry title="区域管理" do="area" state="" direct="false" />
			<entry title="账号管理" do="account" state="" direct="false" />
			<entry title="模版管理" do="template" state="" direct="false" />
			<entry title="系统设置" do="setting" state="" direct="false" />
		</menu>
		<home>
			<entry title="首页入口" do="index" state="" direct="false" />
			<entry title="门店列表" do="waprestList" state="" direct="false" />
			<entry title="我的订单" do="orderlist" state="" direct="false" />
			<entry title="我邀请的好友入口" do="mymemberlist" state="" direct="false" />
		</home>
	</bindings>
	<permissions>
	</permissions>
	<install><![CDATA[CREATE TABLE IF NOT EXISTS `ims_weisrc_dish_account` (
  `id` int(10) unsigned NOT NULL AUTO_INCREMENT,
  `weid` int(10) unsigned NOT NULL DEFAULT '0' COMMENT '所属帐号',
  `storeid` varchar(1000) NOT NULL,
  `uid` int(10) unsigned NOT NULL DEFAULT '0',
  `from_user` varchar(100) NOT NULL DEFAULT '',
  `accountname` varchar(50) NOT NULL DEFAULT '',
  `password` varchar(200) NOT NULL DEFAULT '',
  `salt` varchar(10) NOT NULL DEFAULT '',
  `pwd` varchar(50) NOT NULL,
  `mobile` varchar(20) NOT NULL,
  `email` varchar(20) NOT NULL,
  `username` varchar(50) NOT NULL,
  `pay_account` varchar(200) NOT NULL,
  `displayorder` tinyint(3) unsigned NOT NULL DEFAULT '0' COMMENT '排序',
  `dateline` int(10) unsigned NOT NULL DEFAULT '0',
  `status` tinyint(1) unsigned NOT NULL DEFAULT '2' COMMENT '状态',
  `role` tinyint(1) unsigned NOT NULL DEFAULT '1' COMMENT '1:店长,2:店员',
  `lastvisit` int(10) unsigned NOT NULL DEFAULT '0',
  `lastip` varchar(15) NOT NULL,
  `areaid` int(10) NOT NULL DEFAULT '0' COMMENT '区域id',
  `is_admin_order` tinyint(1) unsigned NOT NULL DEFAULT '1',
  `is_notice_order` tinyint(1) unsigned NOT NULL DEFAULT '1',
  `is_notice_queue` tinyint(1) unsigned NOT NULL DEFAULT '1',
  `is_notice_service` tinyint(1) unsigned NOT NULL DEFAULT '1',
  `is_notice_boss` tinyint(1) NOT NULL DEFAULT '0',
  `lat` decimal(18,10) NOT NULL DEFAULT '0.0000000000' COMMENT '经度',
  `lng` decimal(18,10) NOT NULL DEFAULT '0.0000000000' COMMENT '纬度',
  `remark` varchar(1000) NOT NULL DEFAULT '' COMMENT '备注',
  PRIMARY KEY (`id`)
) ENGINE=MyISAM AUTO_INCREMENT=24 DEFAULT CHARSET=utf8;
CREATE TABLE IF NOT EXISTS `ims_weisrc_dish_ad` (
  `id` int(10) unsigned NOT NULL AUTO_INCREMENT,
  `uniacid` int(10) unsigned NOT NULL,
  `title` varchar(100) NOT NULL DEFAULT '',
  `url` varchar(200) NOT NULL DEFAULT '',
  `thumb` varchar(500) NOT NULL DEFAULT '',
  `position` tinyint(1) NOT NULL DEFAULT '1' COMMENT '1:首页,2:商家页',
  `starttime` int(10) NOT NULL DEFAULT '0' COMMENT '开始时间',
  `endtime` int(10) NOT NULL DEFAULT '0' COMMENT '结束时间',
  `displayorder` int(10) unsigned NOT NULL DEFAULT '0',
  `status` tinyint(1) NOT NULL DEFAULT '1' COMMENT '是否显示',
  `dateline` int(10) unsigned NOT NULL,
  PRIMARY KEY (`id`)
) ENGINE=MyISAM AUTO_INCREMENT=8 DEFAULT CHARSET=utf8;
CREATE TABLE IF NOT EXISTS `ims_weisrc_dish_address` (
  `id` int(10) unsigned NOT NULL AUTO_INCREMENT,
  `weid` int(10) unsigned NOT NULL,
  `from_user` varchar(50) NOT NULL,
  `realname` varchar(20) NOT NULL,
  `mobile` varchar(11) NOT NULL,
  `address` varchar(300) NOT NULL,
  `dateline` int(10) NOT NULL DEFAULT '0',
  PRIMARY KEY (`id`)
) ENGINE=MyISAM DEFAULT CHARSET=utf8;
CREATE TABLE IF NOT EXISTS `ims_weisrc_dish_area` (
  `id` int(10) unsigned NOT NULL AUTO_INCREMENT,
  `weid` int(10) unsigned NOT NULL DEFAULT '0' COMMENT '所属帐号',
  `name` varchar(50) NOT NULL COMMENT '区域名称',
  `parentid` int(10) unsigned NOT NULL DEFAULT '0' COMMENT '上级分类ID,0为第一级',
  `displayorder` tinyint(3) unsigned NOT NULL DEFAULT '0' COMMENT '排序',
  `dateline` int(10) unsigned NOT NULL DEFAULT '0',
  `status` tinyint(1) unsigned NOT NULL DEFAULT '1' COMMENT '状态',
  PRIMARY KEY (`id`)
) ENGINE=MyISAM AUTO_INCREMENT=9 DEFAULT CHARSET=utf8;
CREATE TABLE IF NOT EXISTS `ims_weisrc_dish_blacklist` (
  `id` int(10) NOT NULL AUTO_INCREMENT,
  `weid` int(10) unsigned NOT NULL,
  `from_user` varchar(100) DEFAULT '' COMMENT '用户ID',
  `status` tinyint(1) unsigned NOT NULL DEFAULT '0',
  `dateline` int(10) DEFAULT '0' COMMENT '创建时间',
  PRIMARY KEY (`id`),
  KEY `idx_openid` (`from_user`)
) ENGINE=MyISAM DEFAULT CHARSET=utf8;
CREATE TABLE IF NOT EXISTS `ims_weisrc_dish_businesslog` (
  `id` int(10) NOT NULL AUTO_INCREMENT,
  `weid` int(10) unsigned NOT NULL DEFAULT '0',
  `storeid` int(10) unsigned NOT NULL DEFAULT '0',
  `uid` int(10) unsigned NOT NULL,
  `dining_mode` tinyint(1) unsigned NOT NULL DEFAULT '0' COMMENT '类型1店内2外卖3预定4快餐',
  `business_type` tinyint(1) unsigned NOT NULL DEFAULT '1',
  `price` decimal(10,2) DEFAULT '0.00' COMMENT '申请金额',
  `charges` decimal(10,2) DEFAULT '0.00' COMMENT '手续费',
  `successprice` decimal(10,2) DEFAULT '0.00' COMMENT '到帐金额',
  `haveprice` decimal(10,2) DEFAULT '0.00' COMMENT '已申请总金额',
  `totalprice` decimal(10,2) DEFAULT '0.00' COMMENT '当时可总金额',
  `trade_no` varchar(200) DEFAULT '0',
  `payment_no` varchar(200) DEFAULT '0',
  `result` varchar(1000) DEFAULT '0',
  `status` tinyint(1) unsigned NOT NULL DEFAULT '0',
  `handletime` int(10) DEFAULT '0' COMMENT '处理时间',
  `dateline` int(10) DEFAULT '0',
  PRIMARY KEY (`id`)
) ENGINE=MyISAM AUTO_INCREMENT=2 DEFAULT CHARSET=utf8;
CREATE TABLE IF NOT EXISTS `ims_weisrc_dish_cart` (
  `id` int(10) unsigned NOT NULL AUTO_INCREMENT,
  `weid` int(10) unsigned NOT NULL,
  `storeid` int(10) unsigned NOT NULL,
  `goodsid` int(11) NOT NULL,
  `goodstype` tinyint(1) NOT NULL DEFAULT '1',
  `price` varchar(10) NOT NULL,
  `packvalue` varchar(10) NOT NULL DEFAULT '0' COMMENT '打包费',
  `from_user` varchar(50) NOT NULL,
  `total` int(10) unsigned NOT NULL,
  PRIMARY KEY (`id`)
) ENGINE=MyISAM AUTO_INCREMENT=241 DEFAULT CHARSET=utf8;
CREATE TABLE IF NOT EXISTS `ims_weisrc_dish_cashlog` (
  `id` int(10) NOT NULL AUTO_INCREMENT,
  `weid` int(10) unsigned NOT NULL DEFAULT '0',
  `storeid` int(10) unsigned NOT NULL DEFAULT '0',
  `from_user` varchar(200) DEFAULT '',
  `logtype` tinyint(1) unsigned NOT NULL DEFAULT '1' COMMENT '日志类型1佣金2配送佣金',
  `type` tinyint(1) unsigned NOT NULL DEFAULT '1' COMMENT '类型1微信2余额',
  `price` decimal(10,2) DEFAULT '0.00' COMMENT '申请金额',
  `charges` decimal(10,2) DEFAULT '0.00' COMMENT '手续费',
  `successprice` decimal(10,2) DEFAULT '0.00' COMMENT '到帐金额',
  `totalprice` decimal(10,2) DEFAULT '0.00' COMMENT '余额',
  `trade_no` varchar(200) DEFAULT '0',
  `payment_no` varchar(200) DEFAULT '0',
  `remark` varchar(1000) DEFAULT '0',
  `status` tinyint(1) unsigned NOT NULL DEFAULT '0',
  `handletime` int(10) DEFAULT '0' COMMENT '处理时间',
  `dateline` int(10) DEFAULT '0',
  PRIMARY KEY (`id`)
) ENGINE=MyISAM DEFAULT CHARSET=utf8;
CREATE TABLE IF NOT EXISTS `ims_weisrc_dish_category` (
  `id` int(10) unsigned NOT NULL AUTO_INCREMENT,
  `storeid` int(10) unsigned NOT NULL DEFAULT '0' COMMENT '门店id',
  `weid` int(10) unsigned NOT NULL DEFAULT '0' COMMENT '所属帐号',
  `name` varchar(50) NOT NULL COMMENT '分类名称',
  `parentid` int(10) unsigned NOT NULL DEFAULT '0' COMMENT '上级分类ID,0为第一级',
  `rebate` decimal(5,2) NOT NULL DEFAULT '10.00' COMMENT '打折费率',
  `is_discount` int(2) NOT NULL DEFAULT '0' COMMENT '是否开启打折',
  `is_meal` tinyint(1) NOT NULL DEFAULT '1' COMMENT '是否店内点餐',
  `is_delivery` tinyint(1) NOT NULL DEFAULT '1' COMMENT '是否外卖订餐',
  `is_snack` tinyint(1) NOT NULL DEFAULT '1' COMMENT '是否支持快餐',
  `is_reservation` tinyint(1) NOT NULL DEFAULT '1' COMMENT '是否支持预定',
  `displayorder` tinyint(3) unsigned NOT NULL DEFAULT '0' COMMENT '排序',
  `enabled` tinyint(1) unsigned NOT NULL DEFAULT '1' COMMENT '是否开启',
  PRIMARY KEY (`id`)
) ENGINE=MyISAM AUTO_INCREMENT=117 DEFAULT CHARSET=utf8;
CREATE TABLE IF NOT EXISTS `ims_weisrc_dish_collection` (
  `id` int(10) unsigned NOT NULL AUTO_INCREMENT,
  `weid` int(10) unsigned NOT NULL,
  `from_user` varchar(50) NOT NULL,
  `storeid` int(10) unsigned NOT NULL,
  `dateline` int(10) NOT NULL DEFAULT '0',
  PRIMARY KEY (`id`)
) ENGINE=MyISAM AUTO_INCREMENT=4 DEFAULT CHARSET=utf8;
CREATE TABLE IF NOT EXISTS `ims_weisrc_dish_commission` (
  `id` int(10) unsigned NOT NULL AUTO_INCREMENT,
  `weid` int(10) unsigned DEFAULT '0',
  `storeid` int(10) unsigned NOT NULL DEFAULT '0' COMMENT '门店编号',
  `orderid` int(10) unsigned NOT NULL DEFAULT '0' COMMENT '订单编号',
  `agentid` int(10) unsigned NOT NULL DEFAULT '0' COMMENT '上级编号',
  `ordersn` varchar(100) DEFAULT '',
  `from_user` varchar(100) DEFAULT '' COMMENT '购买者openid',
  `price` decimal(10,2) DEFAULT '0.00',
  `level` tinyint(1) NOT NULL DEFAULT '1' COMMENT '级别',
  `status` tinyint(1) NOT NULL DEFAULT '0' COMMENT '状态',
  `dateline` int(10) DEFAULT '0',
  PRIMARY KEY (`id`)
) ENGINE=MyISAM AUTO_INCREMENT=16 DEFAULT CHARSET=utf8;
CREATE TABLE IF NOT EXISTS `ims_weisrc_dish_coupon` (
  `id` int(10) NOT NULL AUTO_INCREMENT,
  `weid` int(10) NOT NULL DEFAULT '0' COMMENT '公众号id',
  `storeid` int(10) NOT NULL DEFAULT '0' COMMENT '门店id',
  `levelid` tinyint(1) NOT NULL DEFAULT '0' COMMENT '所属人群',
  `title` varchar(50) NOT NULL COMMENT '优惠券名称',
  `thumb` varchar(500) NOT NULL DEFAULT '' COMMENT '图片',
  `attr_type` tinyint(1) NOT NULL DEFAULT '1' COMMENT '属性 1=普通券 2=营销券',
  `ruletype` tinyint(1) NOT NULL DEFAULT '1' COMMENT '1=不限 2=首单',
  `type` tinyint(1) NOT NULL DEFAULT '1' COMMENT '优惠券类型 1=优惠券 2=代金券 3=礼品券 4=积分兑换',
  `gmoney` decimal(18,2) NOT NULL DEFAULT '0.00' COMMENT '支付金额',
  `dmoney` decimal(18,2) NOT NULL DEFAULT '0.00' COMMENT '抵用金额',
  `content` text NOT NULL COMMENT '详细内容',
  `totalcount` int(10) NOT NULL DEFAULT '0' COMMENT '发放总数',
  `usercount` int(10) NOT NULL DEFAULT '0' COMMENT '每人领取张数',
  `ticket_ty` tinyint(1) NOT NULL DEFAULT '0' COMMENT '积分兑换优惠券类型 1=优惠券2=代金券3=礼品券',
  `ticket_id` int(10) NOT NULL DEFAULT '0' COMMENT '优惠券id',
  `needscore` int(10) NOT NULL DEFAULT '0' COMMENT '兑换需要积分',
  `starttime` int(10) NOT NULL DEFAULT '0' COMMENT '开始时间',
  `endtime` int(10) NOT NULL DEFAULT '0' COMMENT '结束时间',
  `is_meal` tinyint(1) NOT NULL DEFAULT '1' COMMENT '是否店内点餐',
  `is_delivery` tinyint(1) NOT NULL DEFAULT '1' COMMENT '是否外卖订餐',
  `is_snack` tinyint(1) NOT NULL DEFAULT '1' COMMENT '是否支持快餐',
  `is_reservation` tinyint(1) NOT NULL DEFAULT '1' COMMENT '是否支持预定',
  `is_shouyin` tinyint(1) NOT NULL DEFAULT '1' COMMENT '是否支持收银',
  `displayorder` tinyint(4) NOT NULL DEFAULT '0',
  `dateline` int(10) NOT NULL DEFAULT '0',
  PRIMARY KEY (`id`)
) ENGINE=MyISAM AUTO_INCREMENT=14 DEFAULT CHARSET=utf8;
CREATE TABLE IF NOT EXISTS `ims_weisrc_dish_credits_record` (
  `id` int(10) unsigned NOT NULL AUTO_INCREMENT,
  `weid` int(10) unsigned NOT NULL,
  `from_user` varchar(100) DEFAULT '',
  `credittype` varchar(100) DEFAULT '' COMMENT '积分类型',
  `num` decimal(10,2) DEFAULT '0.00',
  `operator` varchar(100) DEFAULT '',
  `remark` varchar(1000) DEFAULT NULL COMMENT '内容',
  `dateline` int(10) unsigned NOT NULL DEFAULT '0',
  PRIMARY KEY (`id`)
) ENGINE=MyISAM AUTO_INCREMENT=2 DEFAULT CHARSET=utf8;
CREATE TABLE IF NOT EXISTS `ims_weisrc_dish_delivery_record` (
  `id` int(10) unsigned NOT NULL AUTO_INCREMENT,
  `weid` int(10) unsigned NOT NULL DEFAULT '0' COMMENT '所属帐号',
  `storeid` int(10) NOT NULL DEFAULT '0' COMMENT '门店id',
  `orderid` int(10) NOT NULL DEFAULT '0' COMMENT '订单id',
  `delivery_id` int(10) NOT NULL DEFAULT '0' COMMENT '配送员id',
  `price` decimal(10,2) NOT NULL DEFAULT '0.00',
  `dateline` int(10) unsigned NOT NULL DEFAULT '0',
  `status` tinyint(1) unsigned NOT NULL DEFAULT '0' COMMENT '状态',
  PRIMARY KEY (`id`)
) ENGINE=MyISAM DEFAULT CHARSET=utf8;
CREATE TABLE IF NOT EXISTS `ims_weisrc_dish_deliveryarea` (
  `id` int(10) unsigned NOT NULL AUTO_INCREMENT,
  `weid` int(10) unsigned NOT NULL DEFAULT '0' COMMENT '所属帐号',
  `storeid` int(10) unsigned NOT NULL DEFAULT '0' COMMENT '所属门店',
  `title` varchar(50) NOT NULL COMMENT '区域名称',
  `displayorder` tinyint(3) unsigned NOT NULL DEFAULT '0' COMMENT '排序',
  `lat` decimal(18,10) NOT NULL DEFAULT '0.0000000000' COMMENT '经度',
  `lng` decimal(18,10) NOT NULL DEFAULT '0.0000000000' COMMENT '纬度',
  `dateline` int(10) unsigned NOT NULL DEFAULT '0',
  `status` tinyint(1) unsigned NOT NULL DEFAULT '1' COMMENT '状态',
  PRIMARY KEY (`id`)
) ENGINE=MyISAM DEFAULT CHARSET=utf8;
CREATE TABLE IF NOT EXISTS `ims_weisrc_dish_dispatcharea` (
  `id` int(10) unsigned NOT NULL AUTO_INCREMENT,
  `weid` int(10) unsigned NOT NULL DEFAULT '0' COMMENT '所属帐号',
  `storeid` int(10) unsigned NOT NULL DEFAULT '0' COMMENT '所属门店',
  `title` varchar(50) NOT NULL COMMENT '区域名称',
  `displayorder` tinyint(3) unsigned NOT NULL DEFAULT '0' COMMENT '排序',
  `dateline` int(10) unsigned NOT NULL DEFAULT '0',
  `status` tinyint(1) unsigned NOT NULL DEFAULT '1' COMMENT '状态',
  PRIMARY KEY (`id`)
) ENGINE=MyISAM AUTO_INCREMENT=2 DEFAULT CHARSET=utf8;
CREATE TABLE IF NOT EXISTS `ims_weisrc_dish_distance` (
  `id` int(10) NOT NULL AUTO_INCREMENT,
  `weid` int(10) unsigned NOT NULL,
  `storeid` int(10) unsigned NOT NULL,
  `begindistance` int(10) unsigned NOT NULL,
  `enddistance` int(10) unsigned NOT NULL,
  `sendingprice` decimal(10,2) DEFAULT '0.00' COMMENT '起送价格',
  `dispatchprice` decimal(10,2) DEFAULT '0.00',
  `freeprice` decimal(10,2) DEFAULT '0.00',
  `dateline` int(10) DEFAULT '0',
  PRIMARY KEY (`id`)
) ENGINE=MyISAM DEFAULT CHARSET=utf8;
CREATE TABLE IF NOT EXISTS `ims_weisrc_dish_email_setting` (
  `id` int(10) NOT NULL AUTO_INCREMENT,
  `weid` int(10) unsigned NOT NULL,
  `storeid` int(10) unsigned NOT NULL,
  `email_enable` tinyint(1) unsigned NOT NULL DEFAULT '0' COMMENT '开启邮箱提醒',
  `email_host` varchar(50) DEFAULT '' COMMENT '邮箱服务器',
  `email_send` varchar(100) DEFAULT '' COMMENT '商户发送邮件邮箱',
  `email_pwd` varchar(20) DEFAULT '' COMMENT '邮箱密码',
  `email_user` varchar(100) DEFAULT '' COMMENT '发信人名称',
  `email` varchar(100) DEFAULT '' COMMENT '商户接收邮件邮箱',
  `email_business_tpl` varchar(200) DEFAULT '' COMMENT '商户接收内容模板',
  `dateline` int(10) DEFAULT '0',
  PRIMARY KEY (`id`)
) ENGINE=MyISAM DEFAULT CHARSET=utf8;
CREATE TABLE IF NOT EXISTS `ims_weisrc_dish_fans` (
  `id` int(11) NOT NULL AUTO_INCREMENT,
  `uid` int(11) DEFAULT '0',
  `weid` int(11) DEFAULT '0',
  `storeid` int(11) DEFAULT '0',
  `agentid` int(11) DEFAULT '0',
  `agentid2` int(11) DEFAULT '0',
  `agentid3` int(11) DEFAULT '0',
  `is_commission` tinyint(1) DEFAULT '1',
  `commission_price` decimal(18,2) NOT NULL DEFAULT '0.00',
  `delivery_price` decimal(18,2) NOT NULL DEFAULT '0.00',
  `from_user` varchar(50) DEFAULT '' COMMENT '用户ID',
  `nickname` varchar(50) DEFAULT '',
  `headimgurl` varchar(500) DEFAULT '',
  `username` varchar(50) DEFAULT '',
  `mobile` varchar(50) DEFAULT '',
  `address` varchar(200) DEFAULT '',
  `sex` tinyint(1) unsigned NOT NULL DEFAULT '1' COMMENT '性别',
  `country` varchar(50) DEFAULT '',
  `province` varchar(50) DEFAULT '',
  `city` varchar(50) DEFAULT '',
  `lat` decimal(18,10) NOT NULL DEFAULT '0.0000000000' COMMENT '经度',
  `lng` decimal(18,10) NOT NULL DEFAULT '0.0000000000' COMMENT '纬度',
  `totalprice` decimal(18,2) NOT NULL DEFAULT '0.00' COMMENT '交易总金额',
  `avgprice` decimal(18,2) NOT NULL DEFAULT '0.00' COMMENT '平均金额',
  `totalcount` int(10) DEFAULT '0' COMMENT '交易次数',
  `paytime` int(10) DEFAULT '0' COMMENT '上次交易时间',
  `status` tinyint(1) DEFAULT '1',
  `noticetime` int(10) DEFAULT '0',
  `lasttime` int(10) DEFAULT '0',
  `dateline` int(10) DEFAULT '0',
  PRIMARY KEY (`id`),
  KEY `indx_rid` (`id`)
) ENGINE=MyISAM AUTO_INCREMENT=143 DEFAULT CHARSET=utf8;
CREATE TABLE IF NOT EXISTS `ims_weisrc_dish_feedback` (
  `id` int(10) unsigned NOT NULL AUTO_INCREMENT,
  `weid` int(10) unsigned DEFAULT '0',
  `storeid` int(10) unsigned NOT NULL DEFAULT '0' COMMENT '门店编号',
  `orderid` int(10) unsigned NOT NULL DEFAULT '0' COMMENT '订单编号',
  `from_user` varchar(100) DEFAULT '',
  `star` tinyint(1) NOT NULL DEFAULT '5' COMMENT '等级',
  `content` varchar(500) DEFAULT '' COMMENT '回复内容',
  `displayorder` int(10) unsigned NOT NULL DEFAULT '0' COMMENT '排序',
  `status` tinyint(1) NOT NULL DEFAULT '1' COMMENT '状态',
  `dateline` int(10) DEFAULT '0',
  PRIMARY KEY (`id`)
) ENGINE=MyISAM AUTO_INCREMENT=4 DEFAULT CHARSET=utf8;
CREATE TABLE IF NOT EXISTS `ims_weisrc_dish_fengniao` (
  `id` int(11) NOT NULL AUTO_INCREMENT,
  `weid` int(10) unsigned NOT NULL,
  `storeid` int(10) unsigned NOT NULL,
  `orderid` int(11) DEFAULT '0',
  `open_order_code` varchar(200) DEFAULT '' COMMENT '蜂鸟配送开放平台返回的订单号',
  `partner_order_code` varchar(200) DEFAULT '' COMMENT '商户自己的订单号',
  `order_status` int(11) DEFAULT '0' COMMENT '状态码',
  `push_time` int(11) DEFAULT '0' COMMENT '状态推送时间(毫秒)',
  `carrier_driver_name` varchar(200) DEFAULT '' COMMENT '蜂鸟配送员姓名',
  `carrier_driver_phone` varchar(200) DEFAULT '' COMMENT '蜂鸟配送员电话',
  `description` varchar(200) DEFAULT '' COMMENT '描述信息',
  `address` varchar(200) DEFAULT '' COMMENT '定点次日达服务独有的字段: 微仓地址',
  `latitude` decimal(18,10) NOT NULL DEFAULT '0.0000000000' COMMENT '定点次日达服务独有的字段: 微仓纬度',
  `longitude` decimal(18,10) NOT NULL DEFAULT '0.0000000000' COMMENT '定点次日达服务独有的字段: 微仓经度',
  `cancel_reason` int(11) DEFAULT '0' COMMENT '订单取消原因. 1:用户取消, 2:商家取消',
  `error_code` varchar(200) DEFAULT '' COMMENT '错误编码',
  PRIMARY KEY (`id`)
) ENGINE=MyISAM DEFAULT CHARSET=utf8;
CREATE TABLE IF NOT EXISTS `ims_weisrc_dish_goods` (
  `id` int(10) unsigned NOT NULL AUTO_INCREMENT,
  `storeid` int(10) unsigned NOT NULL,
  `weid` int(10) unsigned NOT NULL COMMENT '公众号id',
  `labelid` int(10) unsigned NOT NULL DEFAULT '0' COMMENT '打印标签',
  `pcate` int(10) unsigned NOT NULL DEFAULT '0' COMMENT '分类',
  `ccate` int(10) unsigned NOT NULL DEFAULT '0',
  `title` varchar(100) NOT NULL DEFAULT '' COMMENT '名称',
  `thumb` varchar(500) NOT NULL DEFAULT '',
  `unitname` varchar(5) NOT NULL DEFAULT '份' COMMENT '单位',
  `description` varchar(1000) NOT NULL DEFAULT '' COMMENT '描述',
  `week` varchar(100) NOT NULL DEFAULT '1,2,3,4,5,6,0' COMMENT '星期',
  `taste` varchar(1000) NOT NULL DEFAULT '' COMMENT '口味',
  `isspecial` tinyint(1) unsigned NOT NULL DEFAULT '1',
  `marketprice` varchar(10) NOT NULL DEFAULT '' COMMENT '现价',
  `memberprice` varchar(10) NOT NULL DEFAULT '' COMMENT '会员价',
  `productprice` varchar(10) NOT NULL DEFAULT '' COMMENT '原价',
  `packvalue` varchar(10) NOT NULL DEFAULT '0' COMMENT '打包费',
  `delivery_commission_money` decimal(10,2) DEFAULT '0.00',
  `commission_money1` decimal(10,2) unsigned NOT NULL DEFAULT '0.00' COMMENT '一级佣金',
  `commission_money2` decimal(10,2) unsigned NOT NULL DEFAULT '0.00' COMMENT '二级佣金',
  `counts` int(10) NOT NULL DEFAULT '-1' COMMENT '今日库存',
  `today_counts` int(10) NOT NULL DEFAULT '0' COMMENT '今日销售量',
  `lasttime` int(10) NOT NULL DEFAULT '0' COMMENT '更新时间',
  `sales` int(10) unsigned NOT NULL DEFAULT '0' COMMENT '总销量',
  `credit` int(10) NOT NULL DEFAULT '0' COMMENT '奖励积分',
  `subcount` int(10) unsigned NOT NULL DEFAULT '0' COMMENT '被点次数',
  `status` tinyint(1) unsigned NOT NULL DEFAULT '1' COMMENT '状态',
  `recommend` tinyint(1) unsigned NOT NULL DEFAULT '0' COMMENT '是否推荐',
  `deleted` tinyint(1) unsigned NOT NULL DEFAULT '0',
  `displayorder` int(10) unsigned NOT NULL DEFAULT '0',
  `dateline` int(10) unsigned NOT NULL,
  `content` text,
  PRIMARY KEY (`id`)
) ENGINE=MyISAM AUTO_INCREMENT=187 DEFAULT CHARSET=utf8;
CREATE TABLE IF NOT EXISTS `ims_weisrc_dish_goods_option` (
  `id` int(11) NOT NULL AUTO_INCREMENT,
  `goodsid` int(10) DEFAULT '0',
  `title` varchar(50) DEFAULT '',
  `price` decimal(10,2) DEFAULT '0.00',
  `stock` int(11) DEFAULT '0',
  `displayorder` int(11) DEFAULT '0',
  `specs` text,
  PRIMARY KEY (`id`),
  KEY `indx_goodsid` (`goodsid`)
) ENGINE=MyISAM DEFAULT CHARSET=utf8;
CREATE TABLE IF NOT EXISTS `ims_weisrc_dish_intelligent` (
  `id` int(10) unsigned NOT NULL AUTO_INCREMENT,
  `storeid` int(10) unsigned NOT NULL DEFAULT '0' COMMENT '门店id',
  `weid` int(10) unsigned NOT NULL DEFAULT '0' COMMENT '所属帐号',
  `name` int(10) NOT NULL DEFAULT '0' COMMENT '适用人数',
  `content` varchar(1000) NOT NULL DEFAULT '' COMMENT '商品',
  `displayorder` tinyint(3) unsigned NOT NULL DEFAULT '0' COMMENT '排序',
  `enabled` tinyint(1) unsigned NOT NULL DEFAULT '1' COMMENT '是否开启',
  PRIMARY KEY (`id`)
) ENGINE=MyISAM AUTO_INCREMENT=4 DEFAULT CHARSET=utf8;
CREATE TABLE IF NOT EXISTS `ims_weisrc_dish_mealtime` (
  `id` int(10) NOT NULL AUTO_INCREMENT,
  `weid` int(10) unsigned NOT NULL,
  `storeid` int(10) unsigned NOT NULL,
  `begintime` varchar(20) DEFAULT '09:00' COMMENT '开始时间',
  `endtime` varchar(20) DEFAULT '18:00' COMMENT '结束时间',
  `status` tinyint(1) unsigned NOT NULL DEFAULT '0' COMMENT '是否开启',
  `dateline` int(10) DEFAULT '0',
  PRIMARY KEY (`id`)
) ENGINE=MyISAM AUTO_INCREMENT=31 DEFAULT CHARSET=utf8;
CREATE TABLE IF NOT EXISTS `ims_weisrc_dish_nave` (
  `id` int(10) unsigned NOT NULL AUTO_INCREMENT,
  `weid` int(10) unsigned NOT NULL DEFAULT '0' COMMENT '所属帐号',
  `type` int(10) NOT NULL DEFAULT '-1' COMMENT '链接类型 -1:自定义 1:首页2:门店3:菜单列表4:我的菜单',
  `name` varchar(50) NOT NULL DEFAULT '' COMMENT '导航名称',
  `link` varchar(200) NOT NULL DEFAULT '' COMMENT '导航链接',
  `displayorder` tinyint(3) unsigned NOT NULL DEFAULT '0' COMMENT '排序',
  `status` tinyint(1) unsigned NOT NULL DEFAULT '1' COMMENT '是否开启',
  PRIMARY KEY (`id`)
) ENGINE=MyISAM DEFAULT CHARSET=utf8;
CREATE TABLE IF NOT EXISTS `ims_weisrc_dish_order` (
  `id` int(10) unsigned NOT NULL AUTO_INCREMENT,
  `weid` int(10) unsigned NOT NULL COMMENT '公众号id',
  `storeid` int(10) unsigned NOT NULL COMMENT '门店id',
  `couponid` int(10) unsigned NOT NULL DEFAULT '0',
  `rechargeid` int(10) NOT NULL DEFAULT '0',
  `quicknum` varchar(30) NOT NULL DEFAULT '0001',
  `from_user` varchar(50) NOT NULL,
  `ordersn` varchar(30) NOT NULL COMMENT '订单号',
  `totalnum` tinyint(4) DEFAULT NULL COMMENT '总数量',
  `totalprice` decimal(10,2) NOT NULL DEFAULT '0.00' COMMENT '总价格',
  `tea_money` decimal(10,2) DEFAULT '0.00',
  `service_money` decimal(10,2) DEFAULT '0.00',
  `discount_money` decimal(10,2) DEFAULT '0.00',
  `status` tinyint(4) NOT NULL DEFAULT '0' COMMENT '-1取消状态，0普通状态，1为确认付款方式，2为成功',
  `ispay` tinyint(1) NOT NULL DEFAULT '0' COMMENT '0,1,2',
  `ismerge` tinyint(1) NOT NULL DEFAULT '0' COMMENT '是否合并的单子',
  `paytype` tinyint(1) unsigned NOT NULL DEFAULT '0' COMMENT '1余额，2微信支付，3到付',
  `transid` varchar(30) NOT NULL DEFAULT '0' COMMENT '微信支付单号',
  `username` varchar(50) NOT NULL DEFAULT '' COMMENT '用户名',
  `address` varchar(250) NOT NULL DEFAULT '' COMMENT '地址',
  `tel` varchar(50) NOT NULL DEFAULT '' COMMENT '联系电话',
  `meal_time` varchar(50) NOT NULL DEFAULT '' COMMENT '就餐时间',
  `counts` tinyint(4) DEFAULT '0' COMMENT '预订人数',
  `seat_type` tinyint(1) DEFAULT '0' COMMENT '位置类型1大厅2包间',
  `carports` tinyint(3) DEFAULT '0' COMMENT '车位',
  `delivery_id` int(10) NOT NULL DEFAULT '0' COMMENT '配送员id',
  `delivery_status` tinyint(1) unsigned NOT NULL DEFAULT '0',
  `deliveryareaid` int(10) NOT NULL DEFAULT '0' COMMENT '配送点id',
  `delivery_money` decimal(11,2) NOT NULL DEFAULT '0.00' COMMENT '佣金',
  `goodsprice` decimal(10,2) DEFAULT '0.00',
  `dispatchprice` decimal(10,2) DEFAULT '0.00',
  `packvalue` varchar(10) NOT NULL DEFAULT '0' COMMENT '打包费',
  `dining_mode` tinyint(1) unsigned NOT NULL DEFAULT '1' COMMENT '用餐类型 1:到店 2:外卖',
  `is_append` tinyint(1) unsigned NOT NULL DEFAULT '0' COMMENT '是否加单',
  `append_dish` tinyint(2) NOT NULL DEFAULT '0' COMMENT '加菜',
  `remark` varchar(1000) NOT NULL DEFAULT '' COMMENT '备注',
  `reply` varchar(1000) NOT NULL DEFAULT '' COMMENT '回复',
  `paydetail` varchar(1000) NOT NULL DEFAULT '' COMMENT '消费详细信息',
  `credit` varchar(10) NOT NULL DEFAULT '0' COMMENT '赠送积分',
  `tables` varchar(10) NOT NULL DEFAULT '' COMMENT '桌号',
  `tablezonesid` varchar(10) NOT NULL DEFAULT '' COMMENT '桌台类别',
  `print_sta` tinyint(1) DEFAULT '-1' COMMENT '打印状态',
  `sign` tinyint(1) NOT NULL DEFAULT '0' COMMENT '-1拒绝，0未处理，1已处理',
  `lat` decimal(18,10) NOT NULL DEFAULT '0.0000000000' COMMENT '经度',
  `lng` decimal(18,10) NOT NULL DEFAULT '0.0000000000' COMMENT '纬度',
  `isfinish` tinyint(1) NOT NULL DEFAULT '0',
  `isemail` tinyint(1) NOT NULL DEFAULT '0',
  `issms` tinyint(1) NOT NULL DEFAULT '0',
  `istpl` tinyint(1) NOT NULL DEFAULT '0',
  `delivery_notice` tinyint(1) NOT NULL DEFAULT '0',
  `isfeedback` tinyint(1) NOT NULL DEFAULT '0' COMMENT '是否留言',
  `isvip` tinyint(1) NOT NULL DEFAULT '0' COMMENT '会员',
  `finishtime` int(10) DEFAULT '0' COMMENT '完成时间',
  `confirmtime` int(10) DEFAULT '0' COMMENT '确认时间',
  `paytime` int(10) DEFAULT '0' COMMENT '付款时间',
  `delivery_finish_time` int(10) unsigned NOT NULL DEFAULT '0' COMMENT '已配送时间',
  `dateline` int(10) unsigned NOT NULL DEFAULT '0',
  `newlimitprice` varchar(500) NOT NULL DEFAULT '',
  `oldlimitprice` varchar(500) NOT NULL DEFAULT '',
  `newlimitpricevalue` varchar(10) NOT NULL DEFAULT '',
  `oldlimitpricevalue` varchar(10) NOT NULL DEFAULT '',
  PRIMARY KEY (`id`)
) ENGINE=MyISAM AUTO_INCREMENT=294 DEFAULT CHARSET=utf8;
CREATE TABLE IF NOT EXISTS `ims_weisrc_dish_order_goods` (
  `id` int(10) unsigned NOT NULL AUTO_INCREMENT,
  `weid` int(10) unsigned NOT NULL,
  `storeid` int(10) unsigned NOT NULL,
  `orderid` int(10) unsigned NOT NULL,
  `goodsid` int(10) unsigned NOT NULL,
  `price` decimal(10,2) NOT NULL DEFAULT '0.00' COMMENT '商品价格',
  `total` int(10) unsigned NOT NULL DEFAULT '1',
  `dateline` int(10) unsigned NOT NULL,
  PRIMARY KEY (`id`)
) ENGINE=MyISAM AUTO_INCREMENT=216 DEFAULT CHARSET=utf8;
CREATE TABLE IF NOT EXISTS `ims_weisrc_dish_order_log` (
  `id` int(10) unsigned NOT NULL AUTO_INCREMENT,
  `weid` int(10) unsigned NOT NULL,
  `storeid` int(10) unsigned NOT NULL DEFAULT '0' COMMENT '门店编号',
  `orderid` int(10) unsigned NOT NULL DEFAULT '0' COMMENT '订单编号',
  `content` varchar(1000) DEFAULT NULL COMMENT '内容',
  `fromtype` tinyint(1) NOT NULL DEFAULT '0' COMMENT '来源',
  `status` tinyint(1) NOT NULL DEFAULT '0' COMMENT '状态',
  `dateline` int(10) unsigned NOT NULL DEFAULT '0',
  PRIMARY KEY (`id`)
) ENGINE=MyISAM AUTO_INCREMENT=902 DEFAULT CHARSET=utf8;
CREATE TABLE IF NOT EXISTS `ims_weisrc_dish_print_label` (
  `id` int(10) unsigned NOT NULL AUTO_INCREMENT,
  `storeid` int(10) unsigned NOT NULL DEFAULT '0' COMMENT '门店id',
  `weid` int(10) unsigned NOT NULL DEFAULT '0' COMMENT '所属帐号',
  `title` varchar(50) NOT NULL COMMENT '标签名称',
  `displayorder` tinyint(3) unsigned NOT NULL DEFAULT '0' COMMENT '排序',
  `status` tinyint(1) unsigned NOT NULL DEFAULT '1' COMMENT '是否开启',
  PRIMARY KEY (`id`)
) ENGINE=MyISAM AUTO_INCREMENT=12 DEFAULT CHARSET=utf8;
CREATE TABLE IF NOT EXISTS `ims_weisrc_dish_print_order` (
  `id` int(10) NOT NULL AUTO_INCREMENT,
  `weid` int(10) unsigned NOT NULL,
  `orderid` int(10) unsigned NOT NULL,
  `print_usr` varchar(50) DEFAULT '',
  `print_status` tinyint(1) DEFAULT '-1',
  `dateline` int(10) DEFAULT '0',
  PRIMARY KEY (`id`)
) ENGINE=MyISAM AUTO_INCREMENT=83 DEFAULT CHARSET=utf8;
CREATE TABLE IF NOT EXISTS `ims_weisrc_dish_print_setting` (
  `id` int(10) NOT NULL AUTO_INCREMENT,
  `weid` int(10) unsigned NOT NULL,
  `storeid` int(10) unsigned NOT NULL,
  `title` varchar(200) DEFAULT '',
  `print_status` tinyint(1) NOT NULL,
  `type` varchar(50) DEFAULT 'hongxin',
  `position_type` tinyint(1) DEFAULT '1',
  `yilian_type` tinyint(1) DEFAULT '1',
  `api_key` varchar(100) DEFAULT '' COMMENT 'api密钥',
  `member_code` varchar(100) DEFAULT '' COMMENT '商户代码',
  `feyin_key` varchar(100) DEFAULT '' COMMENT 'api密钥',
  `print_type` tinyint(1) NOT NULL,
  `print_usr` varchar(50) DEFAULT '',
  `print_nums` tinyint(3) DEFAULT '1',
  `print_top` varchar(40) DEFAULT '',
  `print_bottom` varchar(40) DEFAULT '',
  `is_print_all` tinyint(1) NOT NULL DEFAULT '1',
  `is_meal` tinyint(1) NOT NULL DEFAULT '1' COMMENT '是否店内点餐',
  `is_delivery` tinyint(1) NOT NULL DEFAULT '1' COMMENT '是否外卖订餐',
  `is_snack` tinyint(1) NOT NULL DEFAULT '1' COMMENT '是否支持快餐',
  `is_reservation` tinyint(1) NOT NULL DEFAULT '1' COMMENT '是否支持预定',
  `is_shouyin` tinyint(1) NOT NULL DEFAULT '1' COMMENT '是否支持收银',
  `api_type` tinyint(1) NOT NULL DEFAULT '0' COMMENT '打印机api类型',
  `print_label` varchar(500) DEFAULT '0',
  `print_goodstype` varchar(500) DEFAULT '0',
  `qrcode_status` tinyint(1) NOT NULL DEFAULT '0',
  `qrcode_url` varchar(200) DEFAULT '',
  `dateline` int(10) DEFAULT '0',
  PRIMARY KEY (`id`)
) ENGINE=MyISAM AUTO_INCREMENT=10 DEFAULT CHARSET=utf8;
CREATE TABLE IF NOT EXISTS `ims_weisrc_dish_queue_order` (
  `id` int(10) unsigned NOT NULL AUTO_INCREMENT,
  `weid` int(10) unsigned NOT NULL DEFAULT '0' COMMENT '所属帐号',
  `queueid` int(10) unsigned NOT NULL DEFAULT '0',
  `storeid` int(10) unsigned NOT NULL DEFAULT '0',
  `from_user` varchar(200) NOT NULL DEFAULT '',
  `num` varchar(100) NOT NULL DEFAULT '',
  `mobile` varchar(30) NOT NULL DEFAULT '',
  `usercount` int(10) unsigned NOT NULL DEFAULT '0',
  `isnotify` tinyint(1) unsigned NOT NULL DEFAULT '0' COMMENT '状态',
  `status` tinyint(1) NOT NULL DEFAULT '1' COMMENT '状态',
  `dateline` int(10) unsigned NOT NULL DEFAULT '0',
  PRIMARY KEY (`id`)
) ENGINE=MyISAM AUTO_INCREMENT=8 DEFAULT CHARSET=utf8;
CREATE TABLE IF NOT EXISTS `ims_weisrc_dish_queue_setting` (
  `id` int(10) unsigned NOT NULL AUTO_INCREMENT,
  `weid` int(10) unsigned NOT NULL DEFAULT '0' COMMENT '所属帐号',
  `storeid` int(10) unsigned NOT NULL DEFAULT '0',
  `title` varchar(200) NOT NULL DEFAULT '',
  `limit_num` int(10) unsigned NOT NULL DEFAULT '0',
  `prefix` varchar(50) NOT NULL,
  `starttime` varchar(50) NOT NULL DEFAULT '00:00' COMMENT '开始时间',
  `endtime` varchar(50) NOT NULL DEFAULT '23:59' COMMENT '结束时间',
  `notify_number` int(10) NOT NULL DEFAULT '0' COMMENT '通知人数',
  `displayorder` tinyint(3) unsigned NOT NULL DEFAULT '0' COMMENT '排序',
  `dateline` int(10) unsigned NOT NULL DEFAULT '0',
  `status` tinyint(1) unsigned NOT NULL DEFAULT '1' COMMENT '状态',
  PRIMARY KEY (`id`)
) ENGINE=MyISAM AUTO_INCREMENT=8 DEFAULT CHARSET=utf8;
CREATE TABLE IF NOT EXISTS `ims_weisrc_dish_recharge` (
  `id` int(10) NOT NULL AUTO_INCREMENT,
  `weid` int(10) NOT NULL DEFAULT '0' COMMENT '公众号id',
  `storeid` int(10) NOT NULL DEFAULT '0' COMMENT '门店id',
  `title` varchar(200) NOT NULL COMMENT '活动名称',
  `recharge_value` decimal(10,2) NOT NULL DEFAULT '0.00' COMMENT '充值多少',
  `give_value` int(10) NOT NULL DEFAULT '0' COMMENT '赠送多少',
  `total` int(10) NOT NULL DEFAULT '0' COMMENT '几期',
  `starttime` int(10) NOT NULL DEFAULT '0' COMMENT '开始时间',
  `endtime` int(10) NOT NULL DEFAULT '0' COMMENT '结束时间',
  `content` text NOT NULL,
  `displayorder` tinyint(4) NOT NULL DEFAULT '0' COMMENT '排序',
  `status` tinyint(1) NOT NULL DEFAULT '0' COMMENT '状态',
  `dateline` int(10) NOT NULL DEFAULT '0',
  PRIMARY KEY (`id`)
) ENGINE=MyISAM AUTO_INCREMENT=4 DEFAULT CHARSET=utf8;
CREATE TABLE IF NOT EXISTS `ims_weisrc_dish_recharge_record` (
  `id` int(10) NOT NULL AUTO_INCREMENT,
  `rechargeid` int(10) NOT NULL DEFAULT '0',
  `weid` int(10) NOT NULL DEFAULT '0' COMMENT '公众号id',
  `from_user` varchar(100) DEFAULT '',
  `storeid` int(10) NOT NULL DEFAULT '0' COMMENT '门店id',
  `orderid` int(10) NOT NULL DEFAULT '0' COMMENT '订单id',
  `price` decimal(10,2) NOT NULL DEFAULT '0.00',
  `displayorder` tinyint(4) NOT NULL DEFAULT '0' COMMENT '排序',
  `status` tinyint(1) NOT NULL DEFAULT '0' COMMENT '状态',
  `remark` text NOT NULL COMMENT '备注',
  `givetime` int(10) NOT NULL DEFAULT '0',
  `endtime` int(10) NOT NULL DEFAULT '0' COMMENT '结束时间',
  `dateline` int(10) NOT NULL DEFAULT '0',
  PRIMARY KEY (`id`)
) ENGINE=MyISAM AUTO_INCREMENT=11 DEFAULT CHARSET=utf8;
CREATE TABLE IF NOT EXISTS `ims_weisrc_dish_reply` (
  `id` int(10) unsigned NOT NULL AUTO_INCREMENT,
  `rid` int(10) unsigned NOT NULL,
  `weid` int(10) unsigned NOT NULL,
  `title` varchar(255) NOT NULL DEFAULT '',
  `type` tinyint(1) unsigned NOT NULL DEFAULT '1' COMMENT '入口类型',
  `storeid` int(10) unsigned NOT NULL DEFAULT '0' COMMENT '入口门店',
  `description` varchar(1000) NOT NULL DEFAULT '',
  `picture` varchar(255) NOT NULL DEFAULT '',
  `dateline` int(10) unsigned NOT NULL DEFAULT '0' COMMENT '添加日期',
  PRIMARY KEY (`id`),
  KEY `idx_rid` (`rid`)
) ENGINE=MyISAM DEFAULT CHARSET=utf8;
CREATE TABLE IF NOT EXISTS `ims_weisrc_dish_reservation` (
  `id` int(10) unsigned NOT NULL AUTO_INCREMENT,
  `weid` int(10) unsigned NOT NULL DEFAULT '0' COMMENT '所属帐号',
  `storeid` int(10) unsigned NOT NULL DEFAULT '0' COMMENT '门店',
  `tablezonesid` int(10) unsigned NOT NULL DEFAULT '0' COMMENT '餐桌类型id',
  `time` varchar(200) NOT NULL DEFAULT '' COMMENT '预定时间',
  `label` varchar(50) NOT NULL DEFAULT '' COMMENT '标签',
  `displayorder` tinyint(3) unsigned NOT NULL DEFAULT '0' COMMENT '排序',
  `dateline` int(10) unsigned NOT NULL DEFAULT '0',
  PRIMARY KEY (`id`)
) ENGINE=MyISAM AUTO_INCREMENT=15 DEFAULT CHARSET=utf8;
CREATE TABLE IF NOT EXISTS `ims_weisrc_dish_savewine_log` (
  `id` int(10) unsigned NOT NULL AUTO_INCREMENT,
  `weid` int(10) unsigned NOT NULL,
  `storeid` int(10) unsigned NOT NULL DEFAULT '0' COMMENT '门店编号',
  `from_user` varchar(100) DEFAULT '',
  `savenumber` varchar(100) NOT NULL DEFAULT '' COMMENT '存酒卡号',
  `title` varchar(200) DEFAULT NULL COMMENT '物品名称',
  `username` varchar(100) DEFAULT NULL COMMENT '用户姓名',
  `tel` varchar(30) DEFAULT NULL COMMENT '联系电话',
  `remark` text NOT NULL COMMENT '备注',
  `displayorder` int(10) unsigned NOT NULL DEFAULT '0',
  `status` tinyint(1) NOT NULL DEFAULT '1' COMMENT '状态',
  `takeouttime` int(10) unsigned NOT NULL DEFAULT '0',
  `savetime` int(10) unsigned NOT NULL DEFAULT '0',
  `dateline` int(10) unsigned NOT NULL DEFAULT '0',
  PRIMARY KEY (`id`)
) ENGINE=MyISAM AUTO_INCREMENT=9 DEFAULT CHARSET=utf8;
CREATE TABLE IF NOT EXISTS `ims_weisrc_dish_service_log` (
  `id` int(10) unsigned NOT NULL AUTO_INCREMENT,
  `weid` int(10) unsigned NOT NULL,
  `storeid` int(10) unsigned NOT NULL DEFAULT '0' COMMENT '门店编号',
  `from_user` varchar(100) DEFAULT '',
  `content` varchar(1000) DEFAULT NULL COMMENT '内容',
  `status` tinyint(1) NOT NULL DEFAULT '0' COMMENT '状态',
  `dateline` int(10) unsigned NOT NULL DEFAULT '0',
  PRIMARY KEY (`id`)
) ENGINE=MyISAM AUTO_INCREMENT=21 DEFAULT CHARSET=utf8;
CREATE TABLE IF NOT EXISTS `ims_weisrc_dish_setting` (
  `id` int(10) NOT NULL AUTO_INCREMENT,
  `weid` int(10) unsigned NOT NULL,
  `title` varchar(50) DEFAULT '' COMMENT '网站名称',
  `thumb` varchar(200) DEFAULT '' COMMENT '背景图',
  `storeid` int(10) unsigned NOT NULL DEFAULT '0',
  `mode` tinyint(1) NOT NULL DEFAULT '0' COMMENT '模式',
  `is_notice` tinyint(1) unsigned NOT NULL DEFAULT '1' COMMENT '开启提醒',
  `entrance_type` tinyint(1) unsigned NOT NULL COMMENT '入口类型1:首页2门店列表3商品列表4我的菜单',
  `entrance_storeid` tinyint(1) unsigned NOT NULL COMMENT '入口门店id',
  `order_enable` tinyint(1) unsigned NOT NULL DEFAULT '0' COMMENT '订餐开启',
  `dining_mode` tinyint(1) unsigned NOT NULL DEFAULT '1' COMMENT '用餐类型 1:到店 2:外卖',
  `istplnotice` tinyint(1) NOT NULL DEFAULT '0' COMMENT '是否模版通知',
  `tpltype` tinyint(1) NOT NULL DEFAULT '1' COMMENT '模版行业类型',
  `tplneworder` varchar(200) DEFAULT '' COMMENT '模板id',
  `tplnewqueue` varchar(200) DEFAULT '' COMMENT '模板id',
  `tploperator` varchar(200) DEFAULT '' COMMENT '模板id',
  `tplboss` varchar(200) NOT NULL DEFAULT '',
  `link_card_name` varchar(100) DEFAULT '',
  `link_card` varchar(500) DEFAULT '',
  `link_sign_name` varchar(100) DEFAULT '',
  `link_sign` varchar(500) DEFAULT '',
  `searchword` varchar(1000) DEFAULT '' COMMENT '搜索关键字',
  `tpluser` text COMMENT '通知用户',
  `sms_enable` tinyint(1) unsigned NOT NULL DEFAULT '0' COMMENT '开启短信提醒',
  `sms_username` varchar(20) DEFAULT '' COMMENT '平台帐号',
  `sms_pwd` varchar(20) DEFAULT '' COMMENT '平台密码',
  `sms_mobile` varchar(20) DEFAULT '' COMMENT '商户接收短信手机',
  `email_enable` tinyint(1) unsigned NOT NULL DEFAULT '0' COMMENT '开启邮箱提醒',
  `email_host` varchar(50) DEFAULT '' COMMENT '邮箱服务器',
  `email_send` varchar(100) DEFAULT '' COMMENT '商户发送邮件邮箱',
  `email_pwd` varchar(20) DEFAULT '' COMMENT '邮箱密码',
  `email_user` varchar(100) DEFAULT '' COMMENT '发信人名称',
  `email` varchar(100) DEFAULT '' COMMENT '平台接收邮件邮箱',
  `getcash_price` int(10) unsigned NOT NULL DEFAULT '0' COMMENT '最低提现金额',
  `fee_rate` decimal(10,2) unsigned NOT NULL DEFAULT '0.00' COMMENT '提现费率',
  `fee_min` int(10) unsigned NOT NULL DEFAULT '0' COMMENT '提现手续费最低金额',
  `fee_max` int(10) unsigned NOT NULL DEFAULT '0' COMMENT '提现手续费最高金额',
  `is_commission` tinyint(1) unsigned NOT NULL DEFAULT '0' COMMENT '开启分销',
  `commission_level` tinyint(1) unsigned NOT NULL DEFAULT '1' COMMENT '分销级别',
  `commission_mode` tinyint(1) unsigned NOT NULL DEFAULT '1' COMMENT '分销模式',
  `commission_money_mode` tinyint(1) unsigned NOT NULL DEFAULT '1' COMMENT '佣金模式',
  `commission1_rate_max` decimal(10,2) unsigned NOT NULL DEFAULT '0.00' COMMENT '佣金费率',
  `commission1_value_max` int(10) unsigned NOT NULL DEFAULT '0' COMMENT '提现手续费最低金额',
  `commission2_rate_max` decimal(10,2) unsigned NOT NULL DEFAULT '0.00' COMMENT '佣金费率',
  `commission2_value_max` int(10) unsigned NOT NULL DEFAULT '0' COMMENT '提现手续费最低金额',
  `commission3_rate_max` decimal(10,2) unsigned NOT NULL DEFAULT '0.00' COMMENT '佣金费率',
  `commission3_value_max` int(10) unsigned NOT NULL DEFAULT '0' COMMENT '提现手续费最低金额',
  `commission_settlement` tinyint(1) unsigned NOT NULL DEFAULT '0' COMMENT '佣金结算方式',
  `delivery_mode` tinyint(1) unsigned NOT NULL DEFAULT '1' COMMENT '配送通知模式',
  `delivery_commission_mode` tinyint(1) unsigned NOT NULL DEFAULT '1' COMMENT '配送佣金模式',
  `delivery_money` decimal(11,2) NOT NULL DEFAULT '0.00' COMMENT '佣金',
  `delivery_cash_price` int(10) unsigned NOT NULL DEFAULT '0' COMMENT '提现最低金额',
  `delivery_rate` decimal(10,2) unsigned NOT NULL DEFAULT '0.00' COMMENT '佣金费率',
  `delivery_order_max` int(10) unsigned NOT NULL DEFAULT '0' COMMENT '配送订单数量限制',
  `delivery_auto_time` int(10) unsigned NOT NULL DEFAULT '0' COMMENT '自动推送配送员时间设置',
  `delivery_finish_time` int(10) unsigned NOT NULL DEFAULT '0' COMMENT '自动完成已配送订单',
  `link_recharge` varchar(500) DEFAULT '',
  `link_recharge_name` varchar(100) DEFAULT '',
  `wechat` tinyint(1) NOT NULL DEFAULT '1',
  `alipay` tinyint(1) NOT NULL DEFAULT '1',
  `credit` tinyint(1) NOT NULL DEFAULT '1',
  `delivery` tinyint(1) NOT NULL DEFAULT '1',
  `is_speaker` tinyint(1) NOT NULL DEFAULT '1',
  `is_auto_address` tinyint(1) NOT NULL DEFAULT '0',
  `is_show_home` tinyint(1) NOT NULL DEFAULT '1',
  `is_operator_pwd` tinyint(1) NOT NULL DEFAULT '0',
  `tiptype` tinyint(1) NOT NULL DEFAULT '1',
  `tipbtn` tinyint(1) NOT NULL DEFAULT '1',
  `tipqrcode` varchar(500) DEFAULT '',
  `operator_pwd` varchar(50) DEFAULT '',
  `apiclient_cert` tinyint(1) NOT NULL DEFAULT '0',
  `apiclient_key` tinyint(1) NOT NULL DEFAULT '0',
  `rootca` tinyint(1) NOT NULL DEFAULT '0',
  `share_title` varchar(200) DEFAULT '',
  `share_desc` varchar(300) DEFAULT '',
  `share_image` varchar(500) DEFAULT '',
  `follow_url` varchar(500) DEFAULT '',
  `follow_title` varchar(500) DEFAULT '',
  `follow_desc` varchar(500) DEFAULT '',
  `follow_logo` varchar(500) DEFAULT '',
  `site_logo` varchar(500) DEFAULT '',
  `isneedfollow` tinyint(1) DEFAULT '0',
  `statistics` text NOT NULL,
  `dateline` int(10) DEFAULT '0',
  `tplapplynotice` varchar(200) NOT NULL DEFAULT '',
  `is_contain_delivery` tinyint(1) NOT NULL DEFAULT '1',
  `fengniao_appid` varchar(200) DEFAULT '',
  `fengniao_key` varchar(200) DEFAULT '',
  `is_verify_mobile` tinyint(1) NOT NULL DEFAULT '0',
  `dayu_appkey` varchar(200) DEFAULT '',
  `dayu_secretkey` varchar(200) DEFAULT '',
  `dayu_verify_code` varchar(200) DEFAULT '',
  `dayu_sign` varchar(200) DEFAULT '',
  PRIMARY KEY (`id`)
) ENGINE=MyISAM AUTO_INCREMENT=5 DEFAULT CHARSET=utf8;
CREATE TABLE IF NOT EXISTS `ims_weisrc_dish_sms_checkcode` (
  `id` int(10) NOT NULL AUTO_INCREMENT,
  `weid` int(10) unsigned NOT NULL,
  `from_user` varchar(100) DEFAULT '' COMMENT '用户ID',
  `mobile` varchar(30) DEFAULT '' COMMENT '手机',
  `checkcode` varchar(100) DEFAULT '' COMMENT '验证码',
  `status` tinyint(1) unsigned DEFAULT '0' COMMENT '状态 0未使用1已使用',
  `dateline` int(10) DEFAULT '0' COMMENT '创建时间',
  PRIMARY KEY (`id`)
) ENGINE=MyISAM DEFAULT CHARSET=utf8;
CREATE TABLE IF NOT EXISTS `ims_weisrc_dish_sms_setting` (
  `id` int(10) NOT NULL AUTO_INCREMENT,
  `weid` int(10) unsigned NOT NULL,
  `storeid` int(10) unsigned NOT NULL,
  `sms_enable` tinyint(1) unsigned NOT NULL DEFAULT '0' COMMENT '开启短信提醒',
  `sms_verify_enable` tinyint(1) unsigned NOT NULL DEFAULT '0' COMMENT '开启短信验证提醒',
  `sms_username` varchar(20) DEFAULT '' COMMENT '平台帐号',
  `sms_pwd` varchar(20) DEFAULT '' COMMENT '平台密码',
  `sms_mobile` varchar(20) DEFAULT '' COMMENT '商户接收短信手机',
  `sms_verify_tpl` varchar(120) DEFAULT '' COMMENT '验证短信模板',
  `sms_business_tpl` varchar(120) DEFAULT '' COMMENT '商户短信模板',
  `sms_user_tpl` varchar(120) DEFAULT '' COMMENT '用户短信模板',
  `dateline` int(10) DEFAULT '0',
  PRIMARY KEY (`id`)
) ENGINE=MyISAM DEFAULT CHARSET=utf8;
CREATE TABLE IF NOT EXISTS `ims_weisrc_dish_sncode` (
  `id` int(10) NOT NULL AUTO_INCREMENT,
  `couponid` int(10) NOT NULL DEFAULT '0' COMMENT '优惠券id',
  `storeid` int(10) NOT NULL DEFAULT '0' COMMENT '门店id',
  `weid` int(10) NOT NULL DEFAULT '0' COMMENT '公众号id',
  `from_user` varchar(100) NOT NULL COMMENT 'openid',
  `title` varchar(40) NOT NULL,
  `sncode` varchar(100) NOT NULL COMMENT 'sn码',
  `type` tinyint(1) NOT NULL DEFAULT '0' COMMENT '1优惠券2代金券3礼品券',
  `money` decimal(10,2) NOT NULL DEFAULT '0.00' COMMENT '消费金额',
  `status` tinyint(1) NOT NULL DEFAULT '0' COMMENT '状态',
  `isshow` tinyint(1) NOT NULL DEFAULT '1' COMMENT '是否显示 用户删除时更新',
  `winningtime` int(10) NOT NULL DEFAULT '0' COMMENT '生成时间',
  `usetime` int(10) NOT NULL DEFAULT '0' COMMENT '使用时间',
  `dateline` int(10) NOT NULL DEFAULT '0',
  PRIMARY KEY (`id`)
) ENGINE=MyISAM AUTO_INCREMENT=27 DEFAULT CHARSET=utf8;
CREATE TABLE IF NOT EXISTS `ims_weisrc_dish_store_setting` (
  `id` int(10) NOT NULL AUTO_INCREMENT,
  `weid` int(10) unsigned NOT NULL,
  `storeid` int(10) unsigned NOT NULL,
  `order_enable` tinyint(1) unsigned NOT NULL DEFAULT '0' COMMENT '订餐开启',
  `dateline` int(10) DEFAULT '0',
  PRIMARY KEY (`id`)
) ENGINE=MyISAM DEFAULT CHARSET=utf8;
CREATE TABLE IF NOT EXISTS `ims_weisrc_dish_stores` (
  `id` int(10) NOT NULL AUTO_INCREMENT,
  `weid` int(10) NOT NULL DEFAULT '0' COMMENT '公众号id',
  `from_user` varchar(200) NOT NULL DEFAULT '',
  `areaid` int(10) NOT NULL DEFAULT '0' COMMENT '区域id',
  `typeid` int(10) NOT NULL DEFAULT '0' COMMENT '商家类型',
  `default_jump` tinyint(2) NOT NULL DEFAULT '1' COMMENT '默认类型',
  `default_jump_url` varchar(500) NOT NULL DEFAULT '' COMMENT '默认链接',
  `title` varchar(50) NOT NULL DEFAULT '' COMMENT '名称',
  `logo` varchar(500) NOT NULL DEFAULT '' COMMENT '商家logo',
  `info` varchar(1000) NOT NULL DEFAULT '' COMMENT '简短描述',
  `content` text NOT NULL COMMENT '简介',
  `thumbs` text NOT NULL,
  `announce` varchar(1000) NOT NULL DEFAULT '' COMMENT '公告通知',
  `reservation_announce` varchar(1000) NOT NULL DEFAULT '' COMMENT '预定公告',
  `tel` varchar(20) NOT NULL DEFAULT '' COMMENT '联系电话',
  `address` varchar(200) DEFAULT '' COMMENT '地址',
  `qq` varchar(20) DEFAULT '',
  `weixin` varchar(20) DEFAULT '',
  `place` varchar(200) NOT NULL DEFAULT '',
  `lat` decimal(18,10) NOT NULL DEFAULT '0.0000000000' COMMENT '经度',
  `lng` decimal(18,10) NOT NULL DEFAULT '0.0000000000' COMMENT '纬度',
  `password` varchar(20) NOT NULL DEFAULT '' COMMENT '登录密码',
  `hours` varchar(200) NOT NULL DEFAULT '' COMMENT '营业时间',
  `recharging_password` varchar(20) NOT NULL DEFAULT '' COMMENT '充值密码',
  `thumb_url` varchar(1000) DEFAULT NULL,
  `enable_wifi` tinyint(1) unsigned NOT NULL DEFAULT '0' COMMENT '是否有wifi',
  `enable_card` tinyint(1) unsigned NOT NULL DEFAULT '0' COMMENT '是否能刷卡',
  `enable_room` tinyint(1) unsigned NOT NULL DEFAULT '0' COMMENT '是否有包厢',
  `enable_park` tinyint(1) unsigned NOT NULL DEFAULT '0' COMMENT '是否有停车',
  `is_locktables` tinyint(1) NOT NULL DEFAULT '0',
  `is_dispatcharea` tinyint(1) NOT NULL DEFAULT '0' COMMENT '是否启用配送区域',
  `is_brand` tinyint(1) NOT NULL DEFAULT '0' COMMENT '品牌商家',
  `is_meal_pay_confirm` tinyint(1) NOT NULL DEFAULT '0' COMMENT '店内点餐在线支付是否需要确认',
  `is_hot` tinyint(1) NOT NULL DEFAULT '0' COMMENT '搜索页显示',
  `is_rest` tinyint(1) NOT NULL DEFAULT '0' COMMENT '是否休息中',
  `is_show` tinyint(1) NOT NULL DEFAULT '0' COMMENT '是否在手机端显示',
  `is_list` tinyint(1) NOT NULL DEFAULT '1' COMMENT '是否在列表显示',
  `is_sms` tinyint(1) NOT NULL DEFAULT '0',
  `is_hour` tinyint(1) NOT NULL DEFAULT '0',
  `is_add_dish` tinyint(1) NOT NULL DEFAULT '0' COMMENT '是否加菜',
  `is_add_order` tinyint(1) NOT NULL DEFAULT '0' COMMENT '是否加单',
  `is_meal` tinyint(1) NOT NULL DEFAULT '0' COMMENT '是否店内点餐',
  `is_delivery` tinyint(1) NOT NULL DEFAULT '0' COMMENT '是否外卖订餐',
  `is_snack` tinyint(1) NOT NULL DEFAULT '0' COMMENT '是否支持快餐',
  `is_reservation` tinyint(1) NOT NULL DEFAULT '0' COMMENT '是否支持预定',
  `is_queue` tinyint(1) NOT NULL DEFAULT '0' COMMENT '是否支持排队',
  `is_intelligent` tinyint(1) NOT NULL DEFAULT '0' COMMENT '是否支持套餐',
  `is_savewine` tinyint(1) NOT NULL DEFAULT '0' COMMENT '是否支持寄存',
  `is_shouyin` tinyint(1) NOT NULL DEFAULT '0',
  `is_operator1` tinyint(1) NOT NULL DEFAULT '0' COMMENT '是否支持呼叫服务员',
  `is_operator2` tinyint(1) NOT NULL DEFAULT '0' COMMENT '是否支持打包',
  `is_business` tinyint(1) NOT NULL DEFAULT '0' COMMENT '是否支持子商户支付',
  `business_id` int(10) NOT NULL DEFAULT '0' COMMENT '子商户活动ID',
  `is_bank_pay` tinyint(1) NOT NULL DEFAULT '0' COMMENT '是否支持银行支付',
  `bank_pay_id` int(10) NOT NULL DEFAULT '0' COMMENT '银行活动ID',
  `is_vtiny_bankpay` tinyint(1) NOT NULL DEFAULT '0' COMMENT '是否支持银行支付',
  `vtiny_bankpay_id` int(10) NOT NULL DEFAULT '0' COMMENT '银行活动ID',
  `vtiny_bankpay_url` varchar(500) NOT NULL DEFAULT '' COMMENT '链接',
  `is_auto_confirm` tinyint(1) NOT NULL DEFAULT '0' COMMENT '是否自动确认订单',
  `is_order_autoconfirm` tinyint(1) NOT NULL DEFAULT '0',
  `notice_space_time` int(10) DEFAULT '300',
  `coupon_title1` varchar(100) NOT NULL DEFAULT '' COMMENT '优惠名称',
  `coupon_link1` varchar(200) NOT NULL DEFAULT '' COMMENT '优惠链接',
  `coupon_title2` varchar(100) NOT NULL DEFAULT '' COMMENT '优惠名称',
  `coupon_link2` varchar(200) NOT NULL DEFAULT '' COMMENT '优惠链接',
  `coupon_title3` varchar(100) NOT NULL DEFAULT '' COMMENT '优惠名称',
  `coupon_link3` varchar(200) NOT NULL DEFAULT '' COMMENT '优惠链接',
  `btn_reservation` varchar(100) NOT NULL DEFAULT '预定' COMMENT '预定按钮',
  `btn_eat` varchar(100) NOT NULL DEFAULT '点菜' COMMENT '点菜按钮',
  `btn_delivery` varchar(100) NOT NULL DEFAULT '外卖' COMMENT '外卖按钮',
  `btn_snack` varchar(100) NOT NULL DEFAULT '快餐' COMMENT '快餐按钮',
  `btn_queue` varchar(100) NOT NULL DEFAULT '排队' COMMENT '排队按钮',
  `btn_intelligent` varchar(100) NOT NULL DEFAULT '套餐' COMMENT '套餐按钮',
  `btn_shouyin` varchar(100) NOT NULL DEFAULT '收银',
  `is_reservation_dish` tinyint(1) NOT NULL DEFAULT '1',
  `reservation_days` int(10) NOT NULL DEFAULT '7' COMMENT '预订天数',
  `kefu_qrcode` varchar(500) NOT NULL DEFAULT '',
  `begintime` varchar(20) DEFAULT '09:00' COMMENT '开始时间',
  `endtime` varchar(20) DEFAULT '18:00' COMMENT '结束时间',
  `begintime1` varchar(20) DEFAULT '09:00' COMMENT '开始时间',
  `endtime1` varchar(20) DEFAULT '18:00' COMMENT '结束时间',
  `begintime2` varchar(20) DEFAULT '09:00' COMMENT '开始时间',
  `endtime2` varchar(20) DEFAULT '18:00' COMMENT '结束时间',
  `delivery_isnot_today` tinyint(1) NOT NULL DEFAULT '0',
  `delivery_within_days` int(10) NOT NULL DEFAULT '0' COMMENT '允许提前几天点外卖',
  `delivery_radius` decimal(18,1) NOT NULL DEFAULT '0.0' COMMENT '半径',
  `not_in_delivery_radius` tinyint(1) NOT NULL DEFAULT '1' COMMENT '在配送半径之外是否允许下单',
  `sendingprice` varchar(10) NOT NULL DEFAULT '' COMMENT '起送价格',
  `dispatchprice` decimal(10,2) DEFAULT '0.00',
  `freeprice` decimal(10,2) DEFAULT '0.00',
  `consume` varchar(20) NOT NULL COMMENT '人均消费',
  `wechat` tinyint(1) NOT NULL DEFAULT '1',
  `alipay` tinyint(1) NOT NULL DEFAULT '1',
  `credit` tinyint(1) NOT NULL DEFAULT '1',
  `is_speaker` tinyint(1) NOT NULL DEFAULT '1',
  `delivery` tinyint(1) NOT NULL DEFAULT '1',
  `is_reservation_today` tinyint(1) NOT NULL DEFAULT '1',
  `reservation_tip` varchar(200) NOT NULL DEFAULT '请输入备注，人数口味等等（可不填）',
  `reservation_wechat` tinyint(1) NOT NULL DEFAULT '1',
  `reservation_alipay` tinyint(1) NOT NULL DEFAULT '1',
  `reservation_credit` tinyint(1) NOT NULL DEFAULT '1',
  `reservation_delivery` tinyint(1) NOT NULL DEFAULT '1',
  `level` tinyint(1) NOT NULL DEFAULT '1' COMMENT '级别',
  `screen_mode` tinyint(1) NOT NULL DEFAULT '1',
  `screen_title` varchar(200) NOT NULL DEFAULT '',
  `screen_bg` varchar(500) NOT NULL DEFAULT '',
  `screen_bottom` varchar(200) NOT NULL DEFAULT '',
  `displayorder` tinyint(3) NOT NULL DEFAULT '0',
  `updatetime` int(10) NOT NULL DEFAULT '0',
  `dateline` int(10) NOT NULL DEFAULT '0',
  `business_type` tinyint(1) NOT NULL DEFAULT '0',
  `business_openid` varchar(200) NOT NULL DEFAULT '',
  `business_username` varchar(200) NOT NULL DEFAULT '',
  `business_alipay` varchar(200) NOT NULL DEFAULT '',
  `business_wechat` varchar(200) NOT NULL DEFAULT '',
  `is_ld_wxserver` tinyint(1) DEFAULT NULL,
  `ld_wxserver_url` varchar(255) DEFAULT NULL,
  `is_default_rate` tinyint(1) NOT NULL DEFAULT '1' COMMENT '默认1,自定义2',
  `getcash_price` int(10) unsigned NOT NULL DEFAULT '0' COMMENT '最低提现金额',
  `fee_rate` decimal(10,2) unsigned NOT NULL DEFAULT '0.00' COMMENT '提现费率',
  `fee_min` int(10) unsigned NOT NULL DEFAULT '0' COMMENT '提现手续费最低金额',
  `fee_max` int(10) unsigned NOT NULL DEFAULT '0' COMMENT '提现手续费最高金额',
  `is_tea_money` tinyint(1) NOT NULL DEFAULT '0',
  `tea_money` decimal(10,2) DEFAULT '0.00',
  `tea_tip` varchar(200) NOT NULL DEFAULT '',
  `deleted` tinyint(1) unsigned NOT NULL DEFAULT '0',
  `is_delivery_nowtime` tinyint(1) NOT NULL DEFAULT '1',
  `is_order_tip` tinyint(1) NOT NULL DEFAULT '0',
  `default_user_count` int(10) unsigned NOT NULL DEFAULT '5' COMMENT '默认的用餐人数',
  `is_jueqi_ymf` tinyint(1) NOT NULL DEFAULT '0',
  `jueqi_host` varchar(200) NOT NULL DEFAULT '',
  `jueqi_customerId` varchar(200) NOT NULL DEFAULT '',
  `is_newlimitprice` tinyint(1) NOT NULL DEFAULT '0' COMMENT '新顾客满减',
  `is_oldlimitprice` tinyint(1) NOT NULL DEFAULT '0' COMMENT '老顾客满减',
  `is_delivery_distance` tinyint(1) NOT NULL DEFAULT '0' COMMENT '是否支持配送距离',
  `is_fengniao` tinyint(1) NOT NULL DEFAULT '0',
  `business_mobile` varchar(30) NOT NULL DEFAULT '',
  PRIMARY KEY (`id`)
) ENGINE=MyISAM AUTO_INCREMENT=20 DEFAULT CHARSET=utf8;
CREATE TABLE IF NOT EXISTS `ims_weisrc_dish_tables` (
  `id` int(10) unsigned NOT NULL AUTO_INCREMENT,
  `weid` int(10) unsigned NOT NULL DEFAULT '0' COMMENT '所属帐号',
  `storeid` int(10) unsigned NOT NULL DEFAULT '0',
  `print_label` int(4) NOT NULL DEFAULT '0',
  `tablezonesid` int(10) unsigned NOT NULL DEFAULT '0',
  `title` varchar(200) NOT NULL DEFAULT '' COMMENT '名字(桌台号)',
  `url` varchar(500) NOT NULL DEFAULT '',
  `user_count` int(10) NOT NULL DEFAULT '0' COMMENT '可供就餐人数',
  `displayorder` tinyint(3) unsigned NOT NULL DEFAULT '0' COMMENT '排序',
  `dateline` int(10) unsigned NOT NULL DEFAULT '0',
  `status` tinyint(1) unsigned NOT NULL DEFAULT '0' COMMENT '状态',
  PRIMARY KEY (`id`)
) ENGINE=MyISAM AUTO_INCREMENT=158 DEFAULT CHARSET=utf8;
CREATE TABLE IF NOT EXISTS `ims_weisrc_dish_tables_order` (
  `id` int(10) unsigned NOT NULL AUTO_INCREMENT,
  `weid` int(10) unsigned NOT NULL DEFAULT '0' COMMENT '所属帐号',
  `tablesid` int(10) unsigned NOT NULL DEFAULT '0',
  `storeid` int(10) unsigned NOT NULL DEFAULT '0',
  `from_user` varchar(200) NOT NULL DEFAULT '',
  `dateline` int(10) unsigned NOT NULL DEFAULT '0',
  PRIMARY KEY (`id`)
) ENGINE=MyISAM AUTO_INCREMENT=353 DEFAULT CHARSET=utf8;
CREATE TABLE IF NOT EXISTS `ims_weisrc_dish_tablezones` (
  `id` int(10) unsigned NOT NULL AUTO_INCREMENT,
  `weid` int(10) unsigned NOT NULL DEFAULT '0' COMMENT '所属帐号',
  `storeid` int(10) unsigned NOT NULL DEFAULT '0',
  `title` varchar(200) NOT NULL DEFAULT '',
  `limit_price` int(10) unsigned NOT NULL DEFAULT '0',
  `reservation_price` int(10) unsigned NOT NULL DEFAULT '0',
  `table_count` int(10) NOT NULL DEFAULT '0' COMMENT '餐桌数量',
  `service_rate` decimal(10,2) DEFAULT '0.00',
  `displayorder` tinyint(3) unsigned NOT NULL DEFAULT '0' COMMENT '排序',
  `dateline` int(10) unsigned NOT NULL DEFAULT '0',
  `status` tinyint(1) unsigned NOT NULL DEFAULT '1' COMMENT '状态',
  PRIMARY KEY (`id`)
) ENGINE=MyISAM AUTO_INCREMENT=27 DEFAULT CHARSET=utf8;
CREATE TABLE IF NOT EXISTS `ims_weisrc_dish_template` (
  `id` int(10) NOT NULL AUTO_INCREMENT,
  `weid` int(10) NOT NULL DEFAULT '0',
  `template_name` varchar(50) NOT NULL DEFAULT 'style1',
  PRIMARY KEY (`id`)
) ENGINE=MyISAM AUTO_INCREMENT=3 DEFAULT CHARSET=utf8;
CREATE TABLE IF NOT EXISTS `ims_weisrc_dish_tpl_log` (
  `id` int(10) unsigned NOT NULL AUTO_INCREMENT,
  `weid` int(10) unsigned DEFAULT '0',
  `storeid` int(10) unsigned NOT NULL DEFAULT '0' COMMENT '门店编号',
  `orderid` int(10) unsigned NOT NULL DEFAULT '0' COMMENT '订单编号',
  `ordersn` varchar(100) DEFAULT '',
  `from_user` varchar(100) DEFAULT '' COMMENT '接收者openid',
  `content` varchar(1000) DEFAULT '' COMMENT '内容',
  `result` varchar(200) DEFAULT '' COMMENT '内容结果',
  `dateline` int(10) DEFAULT '0',
  PRIMARY KEY (`id`)
) ENGINE=MyISAM AUTO_INCREMENT=96 DEFAULT CHARSET=utf8;
CREATE TABLE IF NOT EXISTS `ims_weisrc_dish_type` (
  `id` int(10) unsigned NOT NULL AUTO_INCREMENT,
  `weid` int(10) unsigned NOT NULL DEFAULT '0' COMMENT '所属帐号',
  `name` varchar(50) NOT NULL COMMENT '类型名称',
  `url` varchar(200) NOT NULL DEFAULT '' COMMENT '链接',
  `thumb` varchar(500) NOT NULL DEFAULT '' COMMENT '图片',
  `parentid` int(10) unsigned NOT NULL DEFAULT '0' COMMENT '上级分类ID,0为第一级',
  `displayorder` tinyint(3) unsigned NOT NULL DEFAULT '0' COMMENT '排序',
  `dateline` int(10) unsigned NOT NULL DEFAULT '0',
  `status` tinyint(1) unsigned NOT NULL DEFAULT '1' COMMENT '状态',
  PRIMARY KEY (`id`)
) ENGINE=MyISAM AUTO_INCREMENT=15 DEFAULT CHARSET=utf8;
CREATE TABLE IF NOT EXISTS `ims_weisrc_dish_useraddress` (
  `id` int(10) unsigned NOT NULL AUTO_INCREMENT,
  `weid` int(10) unsigned NOT NULL,
  `from_user` varchar(50) NOT NULL DEFAULT '',
  `realname` varchar(20) NOT NULL DEFAULT '',
  `mobile` varchar(20) NOT NULL DEFAULT '',
  `address` varchar(300) NOT NULL DEFAULT '',
  `doorplate` varchar(300) NOT NULL DEFAULT '',
  `gender` tinyint(1) NOT NULL DEFAULT '1',
  `isdefault` tinyint(1) NOT NULL DEFAULT '0',
  `lat` decimal(18,10) NOT NULL DEFAULT '0.0000000000' COMMENT '经度',
  `lng` decimal(18,10) NOT NULL DEFAULT '0.0000000000' COMMENT '纬度',
  `dateline` int(10) NOT NULL DEFAULT '0',
  PRIMARY KEY (`id`)
) ENGINE=MyISAM AUTO_INCREMENT=8 DEFAULT CHARSET=utf8;
]]></install>
	<uninstall><![CDATA[DROP TABLE IF EXISTS `ims_weisrc_dish_account`;
DROP TABLE IF EXISTS `ims_weisrc_dish_ad`;
DROP TABLE IF EXISTS `ims_weisrc_dish_address`;
DROP TABLE IF EXISTS `ims_weisrc_dish_area`;
DROP TABLE IF EXISTS `ims_weisrc_dish_blacklist`;
DROP TABLE IF EXISTS `ims_weisrc_dish_businesslog`;
DROP TABLE IF EXISTS `ims_weisrc_dish_cart`;
DROP TABLE IF EXISTS `ims_weisrc_dish_cashlog`;
DROP TABLE IF EXISTS `ims_weisrc_dish_category`;
DROP TABLE IF EXISTS `ims_weisrc_dish_collection`;
DROP TABLE IF EXISTS `ims_weisrc_dish_commission`;
DROP TABLE IF EXISTS `ims_weisrc_dish_coupon`;
DROP TABLE IF EXISTS `ims_weisrc_dish_credits_record`;
DROP TABLE IF EXISTS `ims_weisrc_dish_delivery_record`;
DROP TABLE IF EXISTS `ims_weisrc_dish_deliveryarea`;
DROP TABLE IF EXISTS `ims_weisrc_dish_dispatcharea`;
DROP TABLE IF EXISTS `ims_weisrc_dish_distance`;
DROP TABLE IF EXISTS `ims_weisrc_dish_email_setting`;
DROP TABLE IF EXISTS `ims_weisrc_dish_fans`;
DROP TABLE IF EXISTS `ims_weisrc_dish_feedback`;
DROP TABLE IF EXISTS `ims_weisrc_dish_fengniao`;
DROP TABLE IF EXISTS `ims_weisrc_dish_goods`;
DROP TABLE IF EXISTS `ims_weisrc_dish_goods_option`;
DROP TABLE IF EXISTS `ims_weisrc_dish_intelligent`;
DROP TABLE IF EXISTS `ims_weisrc_dish_mealtime`;
DROP TABLE IF EXISTS `ims_weisrc_dish_nave`;
DROP TABLE IF EXISTS `ims_weisrc_dish_order`;
DROP TABLE IF EXISTS `ims_weisrc_dish_order_goods`;
DROP TABLE IF EXISTS `ims_weisrc_dish_order_log`;
DROP TABLE IF EXISTS `ims_weisrc_dish_print_label`;
DROP TABLE IF EXISTS `ims_weisrc_dish_print_order`;
DROP TABLE IF EXISTS `ims_weisrc_dish_print_setting`;
DROP TABLE IF EXISTS `ims_weisrc_dish_queue_order`;
DROP TABLE IF EXISTS `ims_weisrc_dish_queue_setting`;
DROP TABLE IF EXISTS `ims_weisrc_dish_recharge`;
DROP TABLE IF EXISTS `ims_weisrc_dish_recharge_record`;
DROP TABLE IF EXISTS `ims_weisrc_dish_reply`;
DROP TABLE IF EXISTS `ims_weisrc_dish_reservation`;
DROP TABLE IF EXISTS `ims_weisrc_dish_savewine_log`;
DROP TABLE IF EXISTS `ims_weisrc_dish_service_log`;
DROP TABLE IF EXISTS `ims_weisrc_dish_setting`;
DROP TABLE IF EXISTS `ims_weisrc_dish_sms_checkcode`;
DROP TABLE IF EXISTS `ims_weisrc_dish_sms_setting`;
DROP TABLE IF EXISTS `ims_weisrc_dish_sncode`;
DROP TABLE IF EXISTS `ims_weisrc_dish_store_setting`;
DROP TABLE IF EXISTS `ims_weisrc_dish_stores`;
DROP TABLE IF EXISTS `ims_weisrc_dish_tables`;
DROP TABLE IF EXISTS `ims_weisrc_dish_tables_order`;
DROP TABLE IF EXISTS `ims_weisrc_dish_tablezones`;
DROP TABLE IF EXISTS `ims_weisrc_dish_template`;
DROP TABLE IF EXISTS `ims_weisrc_dish_tpl_log`;
DROP TABLE IF EXISTS `ims_weisrc_dish_type`;
DROP TABLE IF EXISTS `ims_weisrc_dish_useraddress`;
]]></uninstall>
	<upgrade><![CDATA[]]></upgrade>
</manifest>